"","Mean Mangrove","SE Mangrove","n Mangrove","Mean Seagrass","SE Seagrass","n Seagrass","Mean Tidal Marsh","SE Tidal Marsh","n Tidal Marsh","Mean All","SE All","n All"
"k_100",0.0222716024734639,0.00392745447459453,4,0.0267762691964199,0.0022572621152275,21,0.0190680950354547,0.00192839989119588,16,0.0233287215508768,0.00149587083041008,41
"k_150",0.020058455267634,0.00319732115950521,5,0.0218684707491195,0.00169920154183226,22,0.0109449519918547,0.00124063248610738,9,0.0188862000207081,0.00123418963661666,36
"k_300",0.00322425570975404,NA,1,0.0175502976043064,0.00156031717314137,27,0.0108192754056209,0.00112391719430595,6,0.0159411159841103,0.00116354142832968,34
"k_500",0.0101189640715266,0.00345041638169586,2,0.0125092057336113,0.00171822691702792,19,0.00799498058148387,0.000851602528227913,4,0.0115957103763042,0.00119145069124836,25
"k_1000",0.004090848961472,NA,1,0.00587406445443395,0.000940698252039894,19,0.00226045639258928,0.000365621781183384,4,0.00519749579858643,0.000664235192129281,24
"k_1500",NA,NA,0,0.00134916427893918,0.000183684576270764,7,0.00410377346247508,NA,1,0.00169349042688117,0.000172057398546414,8
"k_2000",NA,NA,0,0.00510896516986655,0.000810448825498458,6,NA,NA,0,0.00510896516986655,0.000623627212825692,6
