"","Mean Mangrove","SE Mangrove","n Mangrove","Mean Seagrass","SE Seagrass","n Seagrass","Mean Tidal Marsh","SE Tidal Marsh","n Tidal Marsh","Mean All","SE All","n All"
"k_100",0.0222716024734639,0.00392745447459453,4,0.0249500065506262,0.00179770907777671,28,0.0190680950354547,0.00192839989119588,16,0.0227661690391388,0.0013151900965804,48
"k_150",0.020058455267634,0.00319732115950521,5,0.0191803411703093,0.00119249353214493,23,0.0120471904349759,0.0011221379160498,8,0.0177171568537525,0.000922591906710068,36
"k_300",0.00322425570975404,NA,1,0.0131374999783402,0.0010375145873841,39,0.0108192754056209,0.00112391719430595,6,0.0126196175499728,0.000845946603460161,46
"k_500",0.0101189640715266,0.00345041638169586,2,0.00951288202603813,0.00116245146945577,34,0.00799498058148387,0.000851602528227913,4,0.00939139598385713,0.000928914901063628,40
"k_1000",0.004090848961472,NA,1,0.00399126402300534,0.000569444259414824,35,0.00226045639258928,0.000365621781183384,4,0.0038206728834254,0.000458815633875278,40
"k_1500",NA,NA,0,0.00144638447516312,0.000144025887031929,25,0.00410377346247508,NA,1,0.00154859174390589,0.000129927208205064,26
"k_2000",NA,NA,0,0.00127165391380082,9.93213888485466e-05,12,NA,NA,0,0.00127165391380082,8.47479895467561e-05,12
