"","Mean Mangrove","SE Mangrove","n Mangrove","Mean Seagrass","SE Seagrass","n Seagrass","Mean Tidal Marsh","SE Tidal Marsh","n Tidal Marsh","Mean All","SE All","n All"
"k_100",0.0222716024648194,0.00363611633309296,4,0.0282458619635796,0.00177925815864193,12,0.017413496157991,0.00300933699813422,18,0.0218082260078256,0.00147926831981282,34
"k_150",0.0200584552453099,0.00296014417601305,5,0.0240867342285517,0.00133035951900958,23,0.0190084172051478,0.00244651746258054,15,0.0218468237572199,0.00111219820696201,43
"k_300",0.0129012488729857,0.00517257043298295,2,0.0181715128712537,0.00120814509739975,26,0.0116966386192316,0.00117022085832961,4,0.0170327620898592,0.000981354034426741,32
"k_500",0.010118964069286,0.00319446483375005,2,0.0104634755347789,0.00103547081764347,21,NA,NA,0,0.0104335180160404,0.000839719844375789,23
"k_1000",NA,NA,0,0.00402915577499966,0.000557149359607198,30,NA,NA,0,0.00402915577499966,0.000462803016572268,30
"k_1500",NA,NA,0,0.0014927347641525,0.000165238879673668,22,NA,NA,0,0.0014927347641525,0.000137257722097914,22
"k_2000",NA,NA,0,0.00127165391466362,0.000108932453002524,12,NA,NA,0,0.00127165391466362,9.04860913556971e-05,12
