"","Mean Mangrove","SE Mangrove","n Mangrove","Mean Seagrass","SE Seagrass","n Seagrass","Mean Tidal Marsh","SE Tidal Marsh","n Tidal Marsh","Mean All","SE All","n All"
"k100",0.0222716024648194,0.00392745451733685,4,0.0292203585499376,0.0019359817677332,24,0.0193562818564621,0.00198176684523958,15,0.0251330056489468,0.00142643532547161,43
"k150",0.0200584552453099,0.00319732113910713,5,0.0216440776467902,0.00122075384528597,23,0.0109449486903437,0.00124063344611377,9,0.0188273135220491,0.00098985136597483,37
"k300",0.00322425568839615,NA,1,0.0167138955782867,0.000992789100053764,27,0.0112430528991448,0.00100613264280734,4,0.0156084889968348,0.000835926872909941,32
"k500",0.010118964069286,0.00345041637628611,2,0.0127103059294264,0.00120962425100017,22,0.00799498057372848,0.00085160252153969,4,0.0118515921743167,0.000947683547902578,28
"k1000",NA,NA,0,0.0049752204226372,0.000582049745774074,34,0.00146235288263561,0.000218280441823445,3,0.00469039332479923,0.000485416499781696,37
"k1500",NA,NA,0,0.00257592376761903,0.000338653839127616,28,NA,NA,0,0.00257592376761903,0.000289432120321597,28
"k2000",NA,NA,0,0.00410982222330372,0.000983719542010166,16,NA,NA,0,0.00410982222330372,0.000840740602791455,16
