"","Mean Mangrove","SE Mangrove","n Mangrove","Mean Seagrass","SE Seagrass","n Seagrass","Mean Tidal Marsh","SE Tidal Marsh","n Tidal Marsh","Mean All","SE All","n All"
"k_100",0.0222716024648194,0.00392745451733685,4,0.0407941798785665,0.00511142308213298,16,0.015087278599305,0.00166621156071284,17,0.0269804601109332,0.00311540176932138,37
"k_150",0.0200584552453099,0.00319732113910713,5,0.0226846619412915,0.0014753579442052,25,0.0141491486281724,0.00144718729312685,13,0.0197987850447693,0.00111361823957139,43
"k_300",0.00322425568839615,NA,1,0.0172668833149308,0.00125139538792626,31,0.0112427638000873,0.00114583827477782,7,0.0158255637192785,0.00101095748425414,39
"k_500",0.010118964069286,0.00345041637628611,2,0.0114367424297925,0.00101675367326706,26,0.00799498057372848,0.000929174527850212,4,0.0109241610502529,0.000802435520367766,32
"k_1000",NA,NA,0,0.00482352301554714,0.000673065962743038,33,0.00146235288263561,0.000238163487472462,3,0.00454342550447118,0.000548224901838057,36
"k_1500",NA,NA,0,0.00159767234056584,0.000180458274288006,23,NA,NA,0,0.00159767234056584,0.000150982224554097,23
"k_2000",NA,NA,0,0.00128365673300698,0.000119439757493418,11,NA,NA,0,0.00128365673300698,9.99304706736666e-05,11
