"","Mean Mangrove","SE Mangrove","n Mangrove","Mean Seagrass","SE Seagrass","n Seagrass","Mean Tidal Marsh","SE Tidal Marsh","n Tidal Marsh","Mean All","SE All","n All"
"k_100",0.0222716024648194,0.00363611633309296,4,0.0321087600752833,0.00303770576074655,15,0.0187304869991913,0.00249483173662468,21,0.0241014509492886,0.00189570997696192,40
"k_150",0.0200584552453099,0.00296014417601305,5,0.022688996313071,0.00185030899991945,25,0.0176277591057781,0.00210179934242955,19,0.0204580532053696,0.00129485344933343,49
"k_300",0.0129012488729857,0.00517257043298295,2,0.0164532932960237,0.00142154850592222,30,0.0113677084545243,0.000921138768598091,8,0.0152585741065719,0.000991031092209684,40
"k_500",0.010118964069286,0.00319446483375005,2,0.0127378483380458,0.00160306739047241,27,0.00799498057372848,0.000804688745667695,4,0.0120042350169916,0.00109627748565666,33
"k_1000",NA,NA,0,0.007811397844063,0.00105566360468249,15,0.00146235288263561,0.000206255630405049,3,0.0067532236838251,0.00075523615798617,18
"k_1500",NA,NA,0,0.0031070927383376,0.000602280893611883,6,NA,NA,0,0.0031070927383376,0.000439843775180796,6
"k_2000",NA,NA,0,0.00204868624190527,0.000158644433547544,3,NA,NA,0,0.00204868624190527,0.000115857513168826,3
