"","Mean Mangrove","SE Mangrove","n Mangrove","Mean Seagrass","SE Seagrass","n Seagrass","Mean Tidal Marsh","SE Tidal Marsh","n Tidal Marsh","Mean All","SE All","n All"
"k_100",0.0222716024648194,0.00392745451733685,4,0.0321086512105569,0.00198133340069784,13,0.0192220870389328,0.00243166807724254,21,0.0239516500898449,0.00146267823789042,38
"k_150",0.0200584552453099,0.00319732113910713,5,0.0240867342285517,0.0013208227686751,23,0.0189661894929839,0.0019326231593396,18,0.0216451863990641,0.00103245907549878,46
"k_300",0.00322425568839615,NA,1,0.016527506011211,0.00110577200941336,27,0.0113677084545243,0.000921138768598091,8,0.015011349600758,0.000861076403902758,36
"k_500",0.010118964069286,0.00345041637628611,2,0.0104634755347789,0.00102804799206481,21,0.00799498057372848,0.000804688745667695,4,0.010072253209772,0.000775440979710333,27
"k_1000",NA,NA,0,0.00402915577499966,0.000553155405893434,30,0.00146235288263561,0.000206255630405049,3,0.00379581005751202,0.000439039915129336,33
"k_1500",NA,NA,0,0.0014927347641525,0.000164054356303496,22,NA,NA,0,0.0014927347641525,0.000134592269878569,22
"k_2000",NA,NA,0,0.00127165391466362,0.000108151565135175,12,NA,NA,0,0.00127165391466362,8.87289126021998e-05,12
