"","Mean Mangrove","SE Mangrove","n Mangrove","Mean Seagrass","SE Seagrass","n Seagrass","Mean Tidal Marsh","SE Tidal Marsh","n Tidal Marsh","Mean All","SE All","n All"
"k_100",0.0175276443081446,0.00321691894163752,9,0.0342927860666694,0.00276218377277724,14,0.0187304869991913,0.00245144004852568,21,0.0234360916065839,0.00174979717568512,44
"k_150",0.0140918545265549,0.00280184042295589,12,0.0223342332874733,0.0018818354457084,25,0.0167670840454626,0.00213345143217581,20,0.0186456099546447,0.00129145881790358,57
"k_300",0.00626389602195327,0.00194529958591392,7,0.0172668833149308,0.00153264008344577,31,0.0113677084545243,0.000905117741786487,8,0.014566572229407,0.00104881492253819,46
"k_500",0.00612829011386606,0.00175394166483842,4,0.0117174929837031,0.00123871630387595,28,0.00799498057372848,0.000790693091148714,4,0.0106828579526129,0.00083022319618631,36
"k_1000",NA,NA,0,0.0080533897185481,0.000918515094728584,19,0.00146235288263561,0.000202668302309204,3,0.0071546119681964,0.00064560465096175,22
"k_1500",NA,NA,0,0.0044194588890298,0.000672185004251669,10,NA,NA,0,0.0044194588890298,0.000469747242247364,10
"k_2000",NA,NA,0,0.00510896522023905,0.000838894246510271,6,NA,NA,0,0.00510896522023905,0.000586249702600981,6
